{"cameraMode":{"drawMode":0,"name":"Shaded","section":"Shading Mode"},"sceneLighting":true,"audioPlay":false,"sceneViewState":{"m_AlwaysRefresh":false,"showFog":true,"showSkybox":true,"showFlares":true,"showImageEffects":true,"showParticleSystems":true,"showVisualEffectGraphs":true,"m_FxEnabled":false},"in2DMode":false,"pivot":{"x":488.60174560546877,"y":371.56756591796877,"z":-620.218505859375},"rotation":{"x":0.03599168732762337,"y":0.00449695810675621,"z":-0.00016196347132790834,"w":0.9993432760238648},"size":114.40528869628906,"orthographic":false}